name,price,url
Диван Нумо Мини Textile Silver,22990,https://www.divan.ru/product/divan-numo-mini-textile-silver
Диван Нумо Мини Textile Sky,22990,https://www.divan.ru/product/divan-numo-mini-textile-sky
Диван Нумо Мини Textile Navy Blue,22990,https://www.divan.ru/product/divan-numo-mini-textile-navy-blue
Диван Нумо Мини Textile Light,22990,https://www.divan.ru/product/divan-numo-mini-textile-light
Диван Нумо Мини Textile Grafit,22990,https://www.divan.ru/product/divan-numo-mini-textile-grafit
Диван Нумо Мини Textile Yellow,22990,https://www.divan.ru/product/divan-numo-mini-textile-yellow
Диван Нумо Мини Velvet Ginger,22990,https://www.divan.ru/product/divan-numo-mini-velvet-ginger
Диван Нумо Velvet Yellow,35990,https://www.divan.ru/product/divan-numo-velvet-yellow
Диван Нумо Velvet Grey,35990,https://www.divan.ru/product/divan-numo-velvet-grey
Диван Нумо Velvet Latte,35990,https://www.divan.ru/product/divan-numo-velvet-latte
Диван Нумо Velvet Light,35990,https://www.divan.ru/product/divan-numo-velvet-light
Диван Нумо Velvet Pink,35990,https://www.divan.ru/product/divan-numo-velvet-pink
Диван Нумо Velvet Grafit,35990,https://www.divan.ru/product/divan-numo-velvet-grafit
Диван Нумо Velvet Green,35990,https://www.divan.ru/product/divan-numo-velvet-green
Диван Маре Мини Velvet Beige,26990,https://www.divan.ru/product/divan-mare-mini-velvet-beige
Диван Маре Мини Velvet Mint,26990,https://www.divan.ru/product/divan-mare-mini-velvet-mint-new
Диван Маре Мини Velvet Yellow,26990,https://www.divan.ru/product/divan-mare-mini-velvet-yellow-new
Диван Маре Мини Velvet Silver,26990,https://www.divan.ru/product/divan-mare-mini-velvet-silver
Диван Маре Мини Velvet Emerald,26990,https://www.divan.ru/product/divan-mare-mini-velvet-emerald-new
Диван Маре Мини Velvet Grafit,26990,https://www.divan.ru/product/divan-mare-mini-velvet-grafit-new
Диван Маре Мини Velvet Pink,26990,https://www.divan.ru/product/divan-mare-mini-velvet-pink
Диван Бонс-Т Happy Mint,39990,https://www.divan.ru/product/divan-bons-t-happy-mint
Диван Бонс-Т Happy Grey,39990,https://www.divan.ru/product/divan-bons-t-happy-grey
Диван Бонс-Т Happy Light,39990,https://www.divan.ru/product/divan-bons-t-happy-light
Диван Бонс-Т Happy Emerald,39990,https://www.divan.ru/product/divan-bons-t-happy-emerald
Диван Бонс-Т Cozy Ivory,52990,https://www.divan.ru/product/divan-bons-t-cozy-ivory
Диван Бонс-Т Happy Yellow,39990,https://www.divan.ru/product/divan-bons-t-happy-yellow
Диван Види Textile Light,22990,https://www.divan.ru/product/divan-vidi-textile-light
Диван Види Textile Corall,22990,https://www.divan.ru/product/divan-vidi-textile-corall
Диван Види Textile Yellow,22990,https://www.divan.ru/product/divan-vidi-textile-yellow
Диван Види Textile Ocean,22990,https://www.divan.ru/product/divan-vidi-textile-ocean
Диван Види Textile Navy Blue,22990,https://www.divan.ru/product/divan-vidi-textile-navy-blue
Диван Види Textile Grey,22990,https://www.divan.ru/product/divan-vidi-textile-grey
Диван Льери Мини Velvet Emerald,56990,https://www.divan.ru/product/divan-leri-mini-velvet-emerald
Диван Льери Мини Velvet Atlantic,56990,https://www.divan.ru/product/divan-leri-mini-velvet-atlantic
Диван Льери Мини Velvet Light,56990,https://www.divan.ru/product/divan-leri-mini-velvet-light
Диван Льери Мини Velvet Coral,56990,https://www.divan.ru/product/divan-leri-mini-velvet-coral
Диван Льери Мини Velvet Grey,56990,https://www.divan.ru/product/divan-leri-mini-velvet-latte
Диван Льери Мини Bucle White,66990,https://www.divan.ru/product/divan-leri-mini-bucle-white
Диван Льери Мини Velvet Yellow,56990,https://www.divan.ru/product/divan-leri-mini-velvet-yellow
Диван Кейсес Velvet Navy Blue,24990,https://www.divan.ru/product/divan-kejses-velvet-navy-blue
Диван Кейсес Velvet Pink,24990,https://www.divan.ru/product/divan-kejses-velvet-pink
Диван Кейсес Velvet Yellow,24990,https://www.divan.ru/product/divan-kejses-velvet-yellow
Диван Кейсес Velvet Latte,24990,https://www.divan.ru/product/divan-kejses-velvet-latte
Диван Кейсес Velvet Grey,24990,https://www.divan.ru/product/divan-kejses-velvet-grey
Диван Кейсес Velvet Grafit,24990,https://www.divan.ru/product/divan-kejses-velvet-grafit
Диван Кейсес Velvet Olive,24990,https://www.divan.ru/product/divan-kejses-velvet-olive
Диван Слипсон Velvet Milk,56990,https://www.divan.ru/product/divan-slipson-velvet-milk
Диван Слипсон Velvet Silver,56990,https://www.divan.ru/product/divan-slipson-velvet-silver
Диван Слипсон Velvet Olive,56990,https://www.divan.ru/product/divan-slipson-velvet-olive
Диван Слипсон Velvet Honey,56990,https://www.divan.ru/product/divan-slipson-velvet-honey
Диван Слипсон Happy Grafit,56990,https://www.divan.ru/product/divan-slipson-happy-grafit
Диван Слипсон Velvet Plum,56990,https://www.divan.ru/product/divan-slipson-velvet-plum
Диван Слипсон Velvet Emerald,56990,https://www.divan.ru/product/divan-slipson-velvet-emerald
Диван Бонент Velvet Light,69990,https://www.divan.ru/product/divan-bonent-velvet-light
Диван Бонент Velvet Grey,69990,https://www.divan.ru/product/divan-bonent-velvet-grey
Диван Бонент Velvet Terra,69990,https://www.divan.ru/product/divan-bonent-velvet-terra
Диван Бонент Velvet Smoke,69990,https://www.divan.ru/product/divan-bonent-velvet-smoke
Диван Бонент Velvet Eclipse,69990,https://www.divan.ru/product/divan-bonent-velvet-eclipse
Диван Бонент Velvet Moss,69990,https://www.divan.ru/product/divan-bonent-velvet-moss
Диван Бонент Velvet Plum,69990,https://www.divan.ru/product/divan-bonent-velvet-plum
Диван Лави Velvet Pink,38990,https://www.divan.ru/product/divan-lavi-velvet-pink
Диван Лави Velvet Smoke,38990,https://www.divan.ru/product/divan-lavi-velvet-smoke
Диван Лави Velvet Beige,38990,https://www.divan.ru/product/divan-lavi-velvet-beige
Диван Лави Velvet Yellow,38990,https://www.divan.ru/product/divan-lavi-velvet-yellow
Диван Лави Velvet Eclipse,38990,https://www.divan.ru/product/divan-lavi-velvet-eclipse
Диван Лави Velvet Terra,38990,https://www.divan.ru/product/divan-lavi-velvet-terra
Диван Лави Velvet Moss,38990,https://www.divan.ru/product/divan-lavi-velvet-moss
Диван угловой Нумо Velvet Light,44990,https://www.divan.ru/product/divan-uglovoj-numo-velvet-light
Диван угловой Нумо Velvet Grafit,44990,https://www.divan.ru/product/divan-uglovoj-numo-velvet-grafit
Диван угловой Нумо Velvet Grey,44990,https://www.divan.ru/product/divan-uglovoj-numo-velvet-grey
Диван угловой Нумо Velvet Yellow,44990,https://www.divan.ru/product/divan-uglovoj-numo-velvet-yellow
Диван угловой Нумо Velvet Latte,44990,https://www.divan.ru/product/divan-uglovoj-numo-velvet-latte
Диван угловой Нумо Velvet Pink,44990,https://www.divan.ru/product/divan-uglovoj-numo-velvet-pink
Диван угловой Нумо Velvet Green,44990,https://www.divan.ru/product/divan-uglovoj-numo-velvet-green
Диван угловой Дарол Velvet Grey,59990,https://www.divan.ru/product/divan-uglovoj-darol-velvet-grey
Диван угловой Дарол Velvet Terra,59990,https://www.divan.ru/product/divan-uglovoj-darol-velvet-terra
Диван угловой Дарол Velvet Beige,59990,https://www.divan.ru/product/divan-uglovoj-darol-velvet-beige
Диван угловой Дарол Velvet Latte,59990,https://www.divan.ru/product/divan-uglovoj-darol-velvet-latte
Диван угловой Дарол Velvet Emerald,59990,https://www.divan.ru/product/divan-uglovoj-darol-velvet-emerald
Диван угловой Дарол Velvet Silver,59990,https://www.divan.ru/product/divan-uglovoj-darol-velvet-silver
Диван угловой Дарол Velvet Navy Blue,59990,https://www.divan.ru/product/divan-uglovoj-darol-velvet-navy-blue
Диван угловой Эби-1 Soft Grafit,99900,https://www.divan.ru/product/divan-uglovoj-abi-1-soft-grafit
Диван угловой Эби-1 Velvet Smoke,69990,https://www.divan.ru/product/divan-uglovoj-ebi-1-velvet-smoke
Диван угловой Эби-1 Velvet Light,69990,https://www.divan.ru/product/divan-uglovoj-ebi-1-velvet-light
Диван угловой Эби-1 Velvet Olive,69990,https://www.divan.ru/product/divan-uglovoj-ebi-1-velvet-olive
Диван угловой Эби-1 Velvet Coral,69990,https://www.divan.ru/product/divan-uglovoj-ebi-1-velvet-coral
Диван угловой Эби-1 Happy Yellow,72990,https://www.divan.ru/product/divan-uglovoj-abi-1-happy-yellow
Диван угловой Онте Bucle Mint,84990,https://www.divan.ru/product/divan-uglovoj-onte-bucle-mint
Диван угловой Онте Bucle Eclipse,84990,https://www.divan.ru/product/divan-uglovoj-onte-bucle-eclipse
Диван угловой Онте Bucle White,84990,https://www.divan.ru/product/divan-uglovoj-onte-bucle-white
Диван угловой Онте Textile Night,94990,https://www.divan.ru/product/divan-uglovoj-onte-textile-night
Диван угловой Онте Textile Grey,94990,https://www.divan.ru/product/divan-uglovoj-onte-textile-grey
Диван угловой Онте Bucle Silver,84990,https://www.divan.ru/product/divan-uglovoj-onte-bucle-silver
Диван угловой Онте Textile Grafit,94990,https://www.divan.ru/product/divan-uglovoj-onte-textile-grafit
Диван угловой Аронт Мини Velvet Pink,56990,https://www.divan.ru/product/divan-uglovoj-aront-mini-velvet-pink
Диван угловой Аронт Мини Velvet Grey,56990,https://www.divan.ru/product/divan-uglovoj-aront-mini-velvet-grey
Диван угловой Аронт Мини Velvet Smoke,56990,https://www.divan.ru/product/divan-uglovoj-aront-mini-velvet-smoke
Диван угловой Аронт Мини Velvet Yellow,56990,https://www.divan.ru/product/divan-uglovoj-aront-mini-velvet-yellow
Диван угловой Аронт Мини Velvet Light,56990,https://www.divan.ru/product/divan-uglovoj-aront-mini-velvet-light
Диван угловой Аронт Мини Velvet Terra,56990,https://www.divan.ru/product/divan-uglovoj-aront-mini-velvet-terra
Диван угловой Аронт Мини Velvet Olive,56990,https://www.divan.ru/product/divan-uglovoj-aront-mini-velvet-olive
Диван угловой Бонент Velvet Eclipse,89990,https://www.divan.ru/product/divan-uglovoj-bonent-velvet-eclipse
Диван угловой Бонент Velvet Moss,89990,https://www.divan.ru/product/divan-uglovoj-bonent-velvet-moss
Диван угловой Бонент Velvet Grey,89990,https://www.divan.ru/product/divan-uglovoj-bonent-velvet-grey
Диван угловой Бонент Velvet Terra,89990,https://www.divan.ru/product/divan-uglovoj-bonent-velvet-terra
Диван угловой Бонент Velvet Plum,89990,https://www.divan.ru/product/divan-uglovoj-bonent-velvet-plum
Диван угловой Бонент Velvet Smoke,89990,https://www.divan.ru/product/divan-uglovoj-bonent-velvet-smoke
Диван угловой Бонент Velvet Light,89990,https://www.divan.ru/product/divan-uglovoj-bonent-velvet-light
Диван угловой Стаус Velvet Stone,34990,https://www.divan.ru/product/divan-uglovoj-staus-velvet-stone
Диван угловой Стаус Velvet Blue,34990,https://www.divan.ru/product/divan-uglovoj-staus-velvet-blue
Диван угловой Стаус Velvet Smoke,34990,https://www.divan.ru/product/divan-uglovoj-staus-velvet-smoke
Диван угловой Стаус Velvet Olive,34990,https://www.divan.ru/product/divan-uglovoj-staus-velvet-olive
Диван угловой Стаус Velvet Terra,34990,https://www.divan.ru/product/divan-uglovoj-staus-velvet-terra
Диван угловой Стаус Velvet Grey,34990,https://www.divan.ru/product/divan-uglovoj-staus-velvet-grey
Диван угловой Стаус Velvet Caramel,34990,https://www.divan.ru/product/divan-uglovoj-staus-velvet-caramel
Диван угловой Эдвин Velvet Grey,72990,https://www.divan.ru/product/divan-uglovoj-edvin-velvet-grey
Диван угловой Эдвин Velvet Light,72990,https://www.divan.ru/product/divan-uglovoj-edvin-velvet-light
Диван угловой Эдвин Velvet Moss,72990,https://www.divan.ru/product/divan-uglovoj-edvin-velvet-moss
Диван угловой Эдвин Velvet Terra,72990,https://www.divan.ru/product/divan-uglovoj-edvin-velvet-terra
Диван угловой Эдвин Velvet Stone,72990,https://www.divan.ru/product/divan-uglovoj-edvin-velvet-stone
Диван угловой Эдвин Velvet Blue,72990,https://www.divan.ru/product/divan-uglovoj-edvin-velvet-blue
Диван угловой Эдвин Velvet Smoke,72990,https://www.divan.ru/product/divan-uglovoj-edvin-velvet-smoke
Диван угловой Порту Textile Silver,32990,https://www.divan.ru/product/divan-uglovoj-portu-textile-silver
Диван угловой Порту Textile Light,32990,https://www.divan.ru/product/divan-uglovoj-portu-textile-light
Диван угловой Порту Textile Grafit,32990,https://www.divan.ru/product/divan-uglovoj-portu-textile-grafit
Диван угловой Порту Textile Ocean,32990,https://www.divan.ru/product/divan-uglovoj-portu-textile-ocean
Диван угловой Порту Textile Yellow,32990,https://www.divan.ru/product/divan-uglovoj-portu-textile-yellow
Диван угловой Порту Textile Brown,32990,https://www.divan.ru/product/divan-uglovoj-portu-textile-brown
Диван угловой Виена Velvet Olive,69990,https://www.divan.ru/product/divan-uglovoj-viena-velvet-olive
Диван угловой Виена Bucle Silver,84990,https://www.divan.ru/product/divan-uglovoj-viena-bucle-silver
Диван угловой Виена Velvet Smoke,64990,https://www.divan.ru/product/divan-uglovoj-viena-velvet-smoke
Диван угловой Виена Velvet Eclipse,59990,https://www.divan.ru/product/divan-uglovoj-viena-velvet-eclipse
Диван угловой Виена Velvet Corall,64990,https://www.divan.ru/product/divan-uglovoj-viena-velvet-corall
Диван угловой Виена Velvet Light,64990,https://www.divan.ru/product/divan-uglovoj-viena-velvet-light
Диван угловой Виена Bucle Beige,84990,https://www.divan.ru/product/divan-uglovoj-viena-bucle-beige
Модульный диван Brera-8 Velour Stone,122970,https://www.divan.ru/product/modulnyj-divan-brera-8-velour-stone
Модульный диван Brera-8 Velour Olive,122970,https://www.divan.ru/product/modulnyj-divan-brera-8-velour-olive
Модульный диван Brera-8 Velour Caramel,122970,https://www.divan.ru/product/modulnyj-divan-brera-8-velour-caramel
Модульный диван Brera-8 Velour Black,122970,https://www.divan.ru/product/modulnyj-divan-brera-8-velour-black
Модульный диван Brera-8 Velour Lilac,122970,https://www.divan.ru/product/modulnyj-divan-brera-8-velour-lilac
Модульный диван Brera-8 Velour Mix,122970,https://www.divan.ru/product/modulnyj-divan-brera-8-velour-mix
Модульный диван Этен Vertical Beige,78960,https://www.divan.ru/product/modulnyj-divan-eten-vertical-beige
Модульный диван Этен Vertical Jeans,78960,https://www.divan.ru/product/modulnyj-divan-eten-vertical-jeance
Модульный диван Этен Vertical Terra,78960,https://www.divan.ru/product/modulnyj-divan-eten-vertical-terra
Модульный диван Этен Vertical Mint,78960,https://www.divan.ru/product/modulnyj-divan-eten-vertical-mint
Модульный диван Этен Vertical Milk,78960,https://www.divan.ru/product/modulnyj-divan-eten-vertical-milk
Модульный диван Риббл-1 Bucle Beige,73980,https://www.divan.ru/product/modulnyj-divan-ribbl-1-bucle-beige
Модульный диван Риббл-1 Bucle Mint,73980,https://www.divan.ru/product/modulnyj-divan-ribbl-1-bucle-mint
Модульный диван Риббл-1 Bucle Forest,73980,https://www.divan.ru/product/modulnyj-divan-ribbl-1-bucle-forest
Модульный диван Риббл-1 Bucle Lilac,73980,https://www.divan.ru/product/modulnyj-divan-ribbl-1-bucle-lilac
Модульный диван Риббл-1 Bucle Eclipce,73980,https://www.divan.ru/product/modulnyj-divan-ribbl-1-bucle-eclipce
Модульный диван Риббл-1 Bucle Silver,73980,https://www.divan.ru/product/modulnyj-divan-ribbl-1-bucle-silver
Модульный диван Brera-2 Velour Smoke,103980,https://www.divan.ru/product/modulnyj-divan-brera-2-velour-smoke
Модульный диван Brera-2 Velour Cherry,103980,https://www.divan.ru/product/modulnyj-divan-brera-2-velour-cherry
Модульный диван Brera-2 Velour Olive,103980,https://www.divan.ru/product/modulnyj-divan-brera-2-velour-olive
Модульный диван Brera-2 Velour Lilac,103980,https://www.divan.ru/product/modulnyj-divan-brera-2-velour-lilac
Модульный диван Brera-2 Velour Caramel,103980,https://www.divan.ru/product/modulnyj-divan-brera-2-velour-caramel
Модульный диван Brera-2 Velour Mix,103980,https://www.divan.ru/product/modulnyj-divan-brera-2-velour-mix
Модульный диван Полан-1 Velvet Mint,70970,https://www.divan.ru/product/modulnyj-divan-polan-1-velvet-mint
Модульный диван Полан-1 Velvet Light,70970,https://www.divan.ru/product/modulnyj-divan-polan-1-velvet-light
Модульный диван Полан-1 Cozy Ivory,80970,https://www.divan.ru/product/modulnyj-divan-polan-1-cozy-ivory
Модульный диван Полан-1 Velvet Smoke,70970,https://www.divan.ru/product/modulnyj-divan-polan-1-velvet-smoke
Модульный диван Полан-1 Velvet Caramel,70970,https://www.divan.ru/product/modulnyj-divan-polan-1-velvet-caramel
Модульный диван Полан-1 Velvet Terra,70970,https://www.divan.ru/product/modulnyj-divan-polan-1-velvet-terra
Модульный диван Полан-1 Velvet Ocean,70970,https://www.divan.ru/product/modulnyj-divan-polan-1-velvet-ocean
Модульный диван Brera-1 Velour Plum,200950,https://www.divan.ru/product/modulnyj-divan-brera-1-velour-plum
Модульный диван Brera-1 Velour Lilac,200950,https://www.divan.ru/product/modulnyj-divan-brera-1-velour-lilac
Модульный диван Brera-1 Velour Galaxy,200950,https://www.divan.ru/product/modulnyj-divan-brera-1-velour-galaxy
Модульный диван Brera-1 Velour Black,200950,https://www.divan.ru/product/modulnyj-divan-brera-1-velour-black
Модульный диван Brera-1 Velour Caramel,200950,https://www.divan.ru/product/modulnyj-divan-brera-1-velour-caramel
Модульный диван Brera-1 Velour Cinnamon,200950,https://www.divan.ru/product/modulnyj-divan-brera-1-velour-cinnamon
Модульный диван Этен 1 Vertical Pink,110950,https://www.divan.ru/product/modulnyj-divan-eten-1-vertical-pink
Модульный диван Этен 1 Vertical Silver,110950,https://www.divan.ru/product/modulnyj-divan-eten-1-vertical-silver
Модульный диван Этен 1 Vertical Mix,110950,https://www.divan.ru/product/modulnyj-divan-eten-1-vertical-mix
Модульный диван Этен 1 Vertical Milk,110950,https://www.divan.ru/product/modulnyj-divan-eten-1-vertical-milk
Модульный диван Brera-6 Velour Beige,173960,https://www.divan.ru/product/modulnyj-divan-brera-6-velour-beige
Модульный диван Brera-6 Velour Olive,173960,https://www.divan.ru/product/modulnyj-divan-brera-6-velour-olive
Модульный диван Brera-6 Velour Lilac,173960,https://www.divan.ru/product/modulnyj-divan-brera-6-velour-lilac
Модульный диван Brera-6 Velour Cherry,173960,https://www.divan.ru/product/modulnyj-divan-brera-6-velour-cherry
Модульный диван Brera-6 Velour Caramel,173960,https://www.divan.ru/product/modulnyj-divan-brera-6-velour-caramel
Модульный диван Brera-6 Velour Smoke,173960,https://www.divan.ru/product/modulnyj-divan-brera-6-velour-smoke
Модульный диван Риббл-3 Bucle Beige,147970,https://www.divan.ru/product/modulnyj-divan-ribbl-3-bucle-beige
Модульный диван Риббл-3 Bucle Mint,147970,https://www.divan.ru/product/modulnyj-divan-ribbl-3-bucle-mint
Модульный диван Риббл-3 Bucle Forest,147970,https://www.divan.ru/product/modulnyj-divan-ribbl-3-bucle-forest
Модульный диван Риббл-3 Bucle Lilac,147970,https://www.divan.ru/product/modulnyj-divan-ribbl-3-bucle-lilac
Модульный диван Риббл-3 Bucle Eclipce,147970,https://www.divan.ru/product/modulnyj-divan-ribbl-3-bucle-eclipce
Модульный диван Риббл-3 Bucle Silver,147970,https://www.divan.ru/product/modulnyj-divan-ribbl-3-bucle-silver
Модульный диван Полан-2 Velvet Mint,89960,https://www.divan.ru/product/modulnyj-divan-polan-2-velvet-mint
Модульный диван Полан-2 Velvet Light,89960,https://www.divan.ru/product/modulnyj-divan-polan-2-velvet-light
Модульный диван Полан-2 Cozy Ivory,101960,https://www.divan.ru/product/modulnyj-divan-polan-2-cozy-ivory
Модульный диван Полан-2 Velvet Ocean,89960,https://www.divan.ru/product/modulnyj-divan-polan-2-velvet-ocean
Модульный диван Полан-2 Velvet Caramel,89960,https://www.divan.ru/product/modulnyj-divan-polan-2-velvet-caramel
Модульный диван Полан-2 Velvet Smoke,89960,https://www.divan.ru/product/modulnyj-divan-polan-2-velvet-smoke
Модульный диван Полан-2 Velvet Terra,89960,https://www.divan.ru/product/modulnyj-divan-polan-2-velvet-terra
Диван Линс Velvet Yellow,29990,https://www.divan.ru/product/divan-lins-velvet-yellow
Диван Эби Happy Mint,59990,https://www.divan.ru/product/divan-abi-happy-mint
Диван угловой Эби-2 Happy Grey,99990,https://www.divan.ru/product/divan-uglovoj-abi-2-happy-grey
Диван Бонс-Т Happy Yellow,39990,https://www.divan.ru/product/divan-bons-t-happy-yellow
Диван Маркфул Velvet Coral,59990,https://www.divan.ru/product/divan-markful-velvet-coral
Диван угловой Эби-1 Happy Yellow,72990,https://www.divan.ru/product/divan-uglovoj-abi-1-happy-yellow
Диван Бонс-Т Happy Mint,39990,https://www.divan.ru/product/divan-bons-t-happy-mint
Диван Динс Мини Velvet Emerald,46990,https://www.divan.ru/product/divan-dins-mini-time-emerald
Диван Бонс-Т Happy Emerald,39990,https://www.divan.ru/product/divan-bons-t-happy-emerald
Диван Ольен Happy Grafit,64990,https://www.divan.ru/product/divan-olen-happy-grafit
Диван Линс Velvet Emerald,29990,https://www.divan.ru/product/divan-lins-velvet-emerald
Диван угловой Эби-2 Happy Yellow,99990,https://www.divan.ru/product/divan-uglovoj-abi-2-happy-yellow
Диван Линс Velvet Navy Blue,29990,https://www.divan.ru/product/divan-lins-velvet-navy-blue
Диван Линс Velvet Latte,29990,https://www.divan.ru/product/divan-lins-velvet-latte
Диван Линс Velvet Grafit,29990,https://www.divan.ru/product/divan-lins-velvet-grafit
Диван Эби Happy Grey,62990,https://www.divan.ru/product/divan-abi-happy-grey
Диван угловой Маркфул Velvet Coral,79990,https://www.divan.ru/product/divan-uglovoj-markful-velvet-coral
Диван Эби Happy Yellow,62990,https://www.divan.ru/product/divan-abi-happy-yellow
Диван Линс Velvet Pink,29990,https://www.divan.ru/product/divan-lins-velvet-pink
Диван Бонс-Т Happy Grey,39990,https://www.divan.ru/product/divan-bons-t-happy-grey
Диван Маркфул Velvet Grey,59990,https://www.divan.ru/product/divan-markful-velvet-grey
Диван Роттердам Velvet Black,23990,https://www.divan.ru/product/divan-rotterdam-velvet-black
Диван Маркфул Velvet Ocean,59990,https://www.divan.ru/product/divan-markful-velvet-ocean
Диван Маркфул Velvet Light,59990,https://www.divan.ru/product/divan-markful-velvet-light
Диван Линс Velvet Grey,29990,https://www.divan.ru/product/divan-lins-velvet-grey
Диван угловой Маркфул Velvet Light,79990,https://www.divan.ru/product/divan-uglovoj-markful-velvet-light
Диван Бонс-Т Happy Light,39990,https://www.divan.ru/product/divan-bons-t-happy-light
Диван Маркфул Velvet Yellow,59990,https://www.divan.ru/product/divan-markful-velvet-yellow
Диван угловой Беллер Textile Light,40990,https://www.divan.ru/product/divan-uglovoj-beller-textile-light
Диван Арил Velvet Yellow,39990,https://www.divan.ru/product/divan-aril-velvet-yellow
Диван Арил Velvet Grey,39990,https://www.divan.ru/product/divan-aril-velvet-grey
Диван Арил Velvet Emerald,39990,https://www.divan.ru/product/divan-aril-velvet-emerald
Диван Арил Velvet Grafit,39990,https://www.divan.ru/product/divan-aril-velvet-grafit
Диван Арил Velvet Navy Blue,39990,https://www.divan.ru/product/divan-aril-velvet-navy-blue
Диван Арил Velvet Latte,39990,https://www.divan.ru/product/divan-aril-velvet-latte
Диван Роттердам-3 Velvet Pink,30990,https://www.divan.ru/product/divan-rotterdam-3-velvet-pink
Диван Нумо Velvet Pink,35990,https://www.divan.ru/product/divan-numo-velvet-pink
Диван Нумо Velvet Green,35990,https://www.divan.ru/product/divan-numo-velvet-green
Диван Роттердам-3 Velvet Light,30990,https://www.divan.ru/product/divan-rotterdam-3-velvet-light
Диван Роттердам Velvet Grey,23990,https://www.divan.ru/product/divan-rotterdam-velvet-grey
Диван Роттердам Velvet Yellow,23990,https://www.divan.ru/product/divan-rotterdam-velvet-yellow
Диван Роттердам-3 Velvet Grey,30990,https://www.divan.ru/product/divan-rotterdam-3-velvet-grey
Диван Нумо Velvet Latte,35990,https://www.divan.ru/product/divan-numo-velvet-latte
Диван Нумо Velvet Grey,35990,https://www.divan.ru/product/divan-numo-velvet-grey
Диван угловой Динс Velvet Yellow,52990,https://www.divan.ru/product/divan-uglovoj-dins-velvet-yellow
Диван Роттердам-3 Velvet Yellow,30990,https://www.divan.ru/product/divan-rotterdam-3-velvet-yellow
Диван Роттердам Velvet Pink,23990,https://www.divan.ru/product/divan-rotterdam-velvet-pink
Диван Нумо Velvet Yellow,35990,https://www.divan.ru/product/divan-numo-velvet-yellow
Кресло Тилар Velvet Pink,20990,https://www.divan.ru/product/kreslo-tilar-velvet-pink
Кресло Тилар Textile Navy Blue,20990,https://www.divan.ru/product/kreslo-tilar-textile-navy-blue
Кресло Тилар Textile Grey,20990,https://www.divan.ru/product/kreslo-tilar-textile-grey
Кресло Тилар Cozy Milk,20990,https://www.divan.ru/product/kreslo-tilar-cozy-milk
Кресло Тилар Textile Beige,20990,https://www.divan.ru/product/kreslo-tilar-textile-beige
Кресло Тилар Textile Grafit,20990,https://www.divan.ru/product/kreslo-tilar-textile-grafit
Кресло Тилар Textile Yellow,20990,https://www.divan.ru/product/kreslo-tilar-textile-yellow
Кресло Витио Velvet Silver,19990,https://www.divan.ru/product/kreslo-vitio-velvet-silver
Кресло Витио Velvet Yellow,19990,https://www.divan.ru/product/kreslo-vitio-velvet-yellow-new
Кресло Витио Velvet Mint,19990,https://www.divan.ru/product/kreslo-vitio-velvet-mint
Кресло Витио Velvet Milk,19990,https://www.divan.ru/product/kreslo-vitio-velvet-milk
Кресло Витио Soft Olive,24990,https://www.divan.ru/product/kreslo-vitio-soft-olive
Кресло Витио Velvet Violet,19990,https://www.divan.ru/product/kreslo-vitio-velvet-violet
Кресло Витио Soft Ginger,24990,https://www.divan.ru/product/kreslo-vitio-soft-ginger
Кресло Пайл Barhat Beige,21990,https://www.divan.ru/product/kreslo-pajl-barhat-beige
Кресло Пайл Textile Ginger,23990,https://www.divan.ru/product/kreslo-pajl-textile-ginger
Кресло Пайл Textile Grafit,23990,https://www.divan.ru/product/kreslo-pajl-textile-grafit
Кресло Пайл Barhat Forest,21990,https://www.divan.ru/product/kreslo-pajl-barhat-forest
Кресло Пайл Barhat Olive,21990,https://www.divan.ru/product/kreslo-pajl-barhat-olive
Кресло Пайл Bucle Smoky,23990,https://www.divan.ru/product/kreslo-pajl-bucle-smoky
Кресло Пайл Cozy Milk,21990,https://www.divan.ru/product/kreslo-pajl-cozy-milk
Кресло-кровать Види Textile Yellow,19990,https://www.divan.ru/product/kreslo-krovat-vidi-textile-yellow
Кресло-кровать Види Textile Navy Blue,19990,https://www.divan.ru/product/kreslo-krovat-vidi-textile-navy-blue
Кресло-кровать Види Textile Light,19990,https://www.divan.ru/product/kreslo-krovat-vidi-textile-light
Кресло-кровать Види Textile Grey,19990,https://www.divan.ru/product/kreslo-krovat-vidi-textile-grey
Кресло-кровать Види Textile Ocean,19990,https://www.divan.ru/product/kreslo-krovat-vidi-textile-ocean
Кресло-кровать Види Textile Coral,19990,https://www.divan.ru/product/kreslo-krovat-vidi-textile-coral
Кресло Виль Barhat Olive,27990,https://www.divan.ru/product/kreslo-vil-barhat-olive
Кресло Виль Barhat Lilac,27990,https://www.divan.ru/product/kreslo-vil-barhat-lilac
Кресло Виль Barhat Caramel,27990,https://www.divan.ru/product/kreslo-vil-barhat-caramel
Кресло Виль Barhat Latte,27990,https://www.divan.ru/product/kreslo-vil-barhat-latte
Кресло Виль Barhat Grafit,27990,https://www.divan.ru/product/kreslo-vil-barhat-grafit
Кресло Виль Barhat Blue,27990,https://www.divan.ru/product/kreslo-vil-barhat-blue
Кресло Виль Barhat Ginger,27990,https://www.divan.ru/product/kreslo-vil-barhat-ginger
Кресло Рибс Velvet Plum,29990,https://www.divan.ru/product/kreslo-ribs-velvet-plum
Кресло Рибс Velvet Grey,29990,https://www.divan.ru/product/kreslo-ribs-velvet-grey
Кресло Рибс Velvet Blue,29990,https://www.divan.ru/product/kreslo-ribs-velvet-blue
Кресло Рибс Velvet Beige,29990,https://www.divan.ru/product/kreslo-ribs-velvet-beige
Кресло Рибс Velvet Terra,29990,https://www.divan.ru/product/kreslo-ribs-velvet-terra
Кресло Рибс Cozy Ivory,32990,https://www.divan.ru/product/kreslo-ribs-cozy-ivory
Кресло Рибс Velvet Moss,29990,https://www.divan.ru/product/kreslo-ribs-velvet-moss
Кресло Роттердам Velvet Green,15990,https://www.divan.ru/product/kreslo-rotterdam-velvet-green
Кресло Роттердам Velvet Grey,15990,https://www.divan.ru/product/kreslo-rotterdam-velvet-grey
Кресло Роттердам Velvet Light,15990,https://www.divan.ru/product/kreslo-rotterdam-velvet-light
Кресло Роттердам Velvet Black,15990,https://www.divan.ru/product/kreslo-rotterdam-velvet-black
Кресло Роттердам Velvet Yellow,15990,https://www.divan.ru/product/kreslo-rotterdam-velvet-yellow
Кресло Роттердам Velvet Pink,15990,https://www.divan.ru/product/kreslo-rotterdam-velvet-pink
Кресло Роттердам Cozy Milk,17990,https://www.divan.ru/product/kreslo-rotterdam-cozy-milk
Кресло-кровать Кейсес Velvet Grey,20990,https://www.divan.ru/product/kreslo-krovat-kejses-velvet-grey
Кресло-кровать Кейсес Velvet Pink,20990,https://www.divan.ru/product/kreslo-krovat-kejses-velvet-pink
Кресло-кровать Кейсес Velvet Latte,20990,https://www.divan.ru/product/kreslo-krovat-kejses-velvet-latte
Кресло-кровать Кейсес Velvet Yellow,20990,https://www.divan.ru/product/kreslo-krovat-kejses-velvet-yellow
Кресло-кровать Кейсес Velvet Grafit,20990,https://www.divan.ru/product/kreslo-krovat-kejses-velvet-grafit
Кресло-кровать Кейсес Velvet Navy Blue,20990,https://www.divan.ru/product/kreslo-krovat-kejses-velvet-navy-blue
Кресло-кровать Кейсес Velvet Olive,20990,https://www.divan.ru/product/kreslo-krovat-kejses-velvet-olive
Кресло Носта Bucle Silver,24990,https://www.divan.ru/product/kreslo-nosta-bucle-silver
Кресло Носта Happy Grafit,18990,https://www.divan.ru/product/kreslo-nosta-happy-grafit
Кресло Носта Velvet Coral,18990,https://www.divan.ru/product/kreslo-nosta-velvet-coral
Кресло Носта Time Light,18990,https://www.divan.ru/product/kreslo-nosta-time-light
Кресло Носта Bucle Blue,24990,https://www.divan.ru/product/kreslo-nosta-bucle-blue
Кресло Носта Yellow,18990,https://www.divan.ru/product/kreslo-nosta-yellow
Кресло Носта Happy Emerald,18990,https://www.divan.ru/product/kreslo-nosta-happy-emerald
Кресло-кровать Бонс-Т Happy Light,25990,https://www.divan.ru/product/kreslo-krovat-bons-t-happy-light
Кресло-кровать Бонс-Т Happy Mint,25990,https://www.divan.ru/product/kreslo-krovat-bons-t-happy-mint
Кресло-кровать Бонс-Т Happy Emerald,25990,https://www.divan.ru/product/kreslo-krovat-bons-t-happy-emerald
Кресло-кровать Бонс-Т Happy Yellow,25990,https://www.divan.ru/product/kreslo-krovat-bons-t-happy-yellow
Кресло-кровать Бонс-Т Happy Grey,25990,https://www.divan.ru/product/kreslo-krovat-bons-t-happy-grey
Кресло-кровать Бонс-Т Cozy Ivory,28990,https://www.divan.ru/product/kreslo-krovat-bons-t-cozy-ivory
Диван Тилар Cozy Milk,28990,https://www.divan.ru/product/divan-tilar-cozy-milk
Диван Тилар Velvet Pink,28990,https://www.divan.ru/product/divan-tilar-velvet-pink
Диван Тилар Textile Navy Blue,28990,https://www.divan.ru/product/divan-tilar-textile-navy-blue
Диван Тилар Textile Grafit,28990,https://www.divan.ru/product/divan-tilar-textile-grafit
Диван Тилар Textile Grey,28990,https://www.divan.ru/product/divan-tilar-textile-grey
Диван Тилар Textile Yellow,28990,https://www.divan.ru/product/divan-tilar-textile-yellow
Диван Тилар Textile Beige,28990,https://www.divan.ru/product/divan-tilar-textile-beige
Диван Роттердам Velvet Yellow,23990,https://www.divan.ru/product/divan-rotterdam-velvet-yellow
Диван Роттердам Velvet Light,23990,https://www.divan.ru/product/divan-rotterdam-velvet-light
Диван Роттердам Velvet Black,23990,https://www.divan.ru/product/divan-rotterdam-velvet-black
Диван Роттердам Velvet Green,23990,https://www.divan.ru/product/divan-rotterdam-velvet-green
Диван Роттердам Cozy Milk,25990,https://www.divan.ru/product/divan-rotterdam-cozy-milk
Диван Роттердам Velvet Pink,23990,https://www.divan.ru/product/divan-rotterdam-velvet-pink
Диван Роттердам Velvet Grey,23990,https://www.divan.ru/product/divan-rotterdam-velvet-grey
Кушетка Норфолк Velvet Grafit,24990,https://www.divan.ru/product/kushetka-norfolk-velvet-grafit
Кушетка Норфолк Velvet Mint,24990,https://www.divan.ru/product/kushetka-norfolk-velvet-mint
Кушетка Норфолк Velvet Silver,24990,https://www.divan.ru/product/kushetka-norfolk-velvet-silver
Кушетка Норфолк Velvet Navy Blue,24990,https://www.divan.ru/product/kushetka-norfolk-velvet-navy-blue-old-2022-12-19
Кушетка Норфолк Velvet Pink,24990,https://www.divan.ru/product/kushetka-norfolk-velvet-pink
Кушетка Норфолк Velvet Yellow,24990,https://www.divan.ru/product/kushetka-norfolk-velvet-yellow
Кушетка Норфолк Velvet Light,24990,https://www.divan.ru/product/kushetka-norfolk-velvet-light
Кушетка Ринт Bucle Beige,19990,https://www.divan.ru/product/kushetka-rint-bucle-beige
Кушетка Ринт Bucle Forest,19990,https://www.divan.ru/product/kushetka-rint-bucle-forest
Кушетка Ринт Bucle Yellow,19990,https://www.divan.ru/product/kushetka-rint-bucle-yellow
Кушетка Ринт Bucle Pink,19990,https://www.divan.ru/product/kushetka-rint-bucle-pink
Кушетка Ринт Bucle Blue,19990,https://www.divan.ru/product/kushetka-rint-bucle-blue
Кушетка Ринт Cozy Milk,19990,https://www.divan.ru/product/kushetka-rint-cozy-milk
Диван Мона Velvet Grey,26990,https://www.divan.ru/product/divan-mona-velvet-grey
Диван Мона Barhat Amber,26990,https://www.divan.ru/product/divan-mona-barhat-amber
Диван Мона Velvet Blue,26990,https://www.divan.ru/product/divan-mona-velvet-blue
Диван Мона Velvet Beige,26990,https://www.divan.ru/product/divan-mona-velvet-beige
Диван Мона Velvet Coral,26990,https://www.divan.ru/product/divan-mona-velvet-coral
Диван Мона Velvet Olive,26990,https://www.divan.ru/product/divan-mona-velvet-olive
Кушетка Венето Velvet Terra,34990,https://www.divan.ru/product/kushetka-veneto-velvet-terra
Кушетка Венето Velvet Blue,34990,https://www.divan.ru/product/kushetka-veneto-velvet-blue
Кушетка Венето Velvet Coral,34990,https://www.divan.ru/product/kushetka-veneto-velvet-coral
Кушетка Венето Velvet Mustard,34990,https://www.divan.ru/product/kushetka-veneto-velvet-mustard
Кушетка Венето Velvet Green,34990,https://www.divan.ru/product/kushetka-veneto-velvet-green
Кушетка Венето Velvet Poudre,34990,https://www.divan.ru/product/kushetka-veneto-velvet-poudre
Диван Винси Soft Grey,20990,https://www.divan.ru/product/divan-vinsi-soft-grey
Диван Винси Soft Olive,20990,https://www.divan.ru/product/divan-vinsi-soft-olive
Диван Винси Textile Gold,23990,https://www.divan.ru/product/divan-vinsi-textile-gold
Диван Винси Velvet Mint,22990,https://www.divan.ru/product/divan-vinsi-velvet-mint
Диван Винси Soft Navy Blue,20990,https://www.divan.ru/product/divan-vinsi-soft-navy-blue
Диван Винси Textile Ginger,23990,https://www.divan.ru/product/divan-vinsi-textile-ginger
Диван Винси Soft Light,20990,https://www.divan.ru/product/divan-vinsi-soft-light
Диван Лонди Cozy Ivory,50990,https://www.divan.ru/product/divan-londi-cozy-ivory
Диван Лонди Cozy Beige,50990,https://www.divan.ru/product/divan-londi-cozy-beige
Диван Лонди Bucle Marble,50990,https://www.divan.ru/product/divan-londi-bucle-marble
Диван Лонди Cozy Ginger,50990,https://www.divan.ru/product/divan-londi-cozy-ginger
Диван Лонди Mima Pink,84990,https://www.divan.ru/product/divan-londi-mima-pink
Диван Лонди Bucle Galaxy,50990,https://www.divan.ru/product/divan-londi-bucle-galaxy
Диван Лонди Bucle Smoky,50990,https://www.divan.ru/product/divan-londi-bucle-smoky
Кушетка Роби Textile Grey,16990,https://www.divan.ru/product/kushetka-robi-textile-grey
Кушетка Роби Textile Blue,16990,https://www.divan.ru/product/kushetka-robi-textile-blue
Кушетка Роби Textile Light,16990,https://www.divan.ru/product/kushetka-robi-textile-light
Кушетка Роби Textile Coral,16990,https://www.divan.ru/product/kushetka-robi-textile-coral
Кушетка Роби Textile Yellow,16990,https://www.divan.ru/product/kushetka-robi-textile-yellow
Кушетка Роби Textile Ocean,16990,https://www.divan.ru/product/kushetka-robi-textile-ocean
Диван Brera-4 Velour Forest,72990,https://www.divan.ru/product/divan-brera-4-velour-forest
Диван Brera-4 Velour Olive,72990,https://www.divan.ru/product/divan-brera-4-velour-olive
Диван Brera-4 Velour Smoke,72990,https://www.divan.ru/product/divan-brera-4-velour-smoke
Диван Brera-4 Velour Mix,72990,https://www.divan.ru/product/divan-brera-4-velour-mix
Диван Brera-4 Velour Caramel,72990,https://www.divan.ru/product/divan-brera-4-velour-caramel
Диван Brera-4 Velour Cherry,72990,https://www.divan.ru/product/divan-brera-4-velour-cherry
Пуф Тут Рядом Красавчик Бежевый,27990,https://www.divan.ru/product/puf-tut-ryadom-krasavchik-bejevyj
Пуф Тут Рядом Красавчик Желтый,27990,https://www.divan.ru/product/puf-tut-ryadom-krasavchik-jeltyj
Пуф Тут Рядом Красавчик Зеленый,27990,https://www.divan.ru/product/puf-tut-ryadom-krasavchik-zelenyj
Пуф Тут Рядом Красавчик Оранжевый,27990,https://www.divan.ru/product/puf-tut-ryadom-krasavchik-oranjevyj
Пуф Тут Рядом Красавчик Светло-бежевый,34990,https://www.divan.ru/product/puf-tut-ryadom-krasavchik-svetlo-bejevyj
Пуф Тут Рядом Красавчик Серый,27990,https://www.divan.ru/product/puf-tut-ryadom-krasavchik-seryj
Кресло Мерни Textile Blue,20990,https://www.divan.ru/product/kreslo-merni-textile-blue
Кресло Мерни Textile Smoke,20990,https://www.divan.ru/product/kreslo-merni-textile-smoke
Кресло Мерни Textile Forest,20990,https://www.divan.ru/product/kreslo-merni-textile-forest
Кресло Мерни Textile Shark,20990,https://www.divan.ru/product/kreslo-merni-textile-shark
Пуф Лидо Velvet Light,4290,https://www.divan.ru/product/puf-lido-velvet-light
Пуф Лидо Velvet Eclipse,4290,https://www.divan.ru/product/puf-lido-velvet-eclipse
Пуф Лидо Velvet Smoke,4290,https://www.divan.ru/product/puf-lido-velvet-smoke
Пуф Лидо Velvet Terra,4290,https://www.divan.ru/product/puf-lido-velvet-terra
Пуф Лидо Velvet Olive,4290,https://www.divan.ru/product/puf-lido-velvet-olive
Пуф Лидо Velvet Emerald,4290,https://www.divan.ru/product/puf-lido-velvet-emerald
Пуф Лидо Velvet Yellow,4290,https://www.divan.ru/product/puf-lido-velvet-yellow
Пуф Кофи Velvet Pink,3490,https://www.divan.ru/product/puf-kofi-velvet-pink
Пуф Кофи Velvet Navy Blue,3490,https://www.divan.ru/product/puf-kofi-velvet-navy-blue
Пуф Кофи Cozy Ivory,4490,https://www.divan.ru/product/puf-kofi-cozy-ivory
Пуф Кофи Velvet Yellow,3490,https://www.divan.ru/product/puf-kofi-velvet-yellow
Пуф Кофи Velvet Light,3490,https://www.divan.ru/product/puf-kofi-velvet-light
Пуф Кофи Velvet Grafit,3490,https://www.divan.ru/product/puf-kofi-velvet-grafit
Пуф Кофи Velvet Green,3490,https://www.divan.ru/product/puf-kofi-velvet-green
Пуф Плиди Velvet Yellow,4990,https://www.divan.ru/product/puf-plidi-velvet-yellow
Пуф Плиди Happy Light,4990,https://www.divan.ru/product/puf-plidi-happy-light
Пуф Плиди Velvet Mint,4990,https://www.divan.ru/product/puf-plidi-velvet-mint
Пуф Плиди Velvet Smoke,4990,https://www.divan.ru/product/puf-plidi-velvet-smoke
Пуф Плиди Velvet Coral,4990,https://www.divan.ru/product/puf-plidi-velvet-coral
Пуф Плиди Velvet Blue,4990,https://www.divan.ru/product/puf-plidi-velvet-blue
Пуф Плиди Cozy Milk,4990,https://www.divan.ru/product/puf-plidi-cozy-milk
Пуф Акера-2 Velvet Grey,9990,https://www.divan.ru/product/puf-akera-2-velvet-grey
Пуф Акера-2 Cozy Ivory,10990,https://www.divan.ru/product/puf-akera-2-cozy-ivory
Пуф Акера-2 Velvet Beige,9990,https://www.divan.ru/product/puf-akera-2-velvet-beige
Пуф Акера-2 Velvet Blue,9990,https://www.divan.ru/product/puf-akera-2-velvet-blue
Пуф Акера-2 Velvet Emerald,9990,https://www.divan.ru/product/puf-akera-2-velvet-emerald
Пуф Акера-2 Velvet Yellow,9990,https://www.divan.ru/product/puf-akera-2-velvet-yellow
Пуф Акера-2 Velvet Coral,9990,https://www.divan.ru/product/puf-akera-2-velvet-coral
Пуф Ринт Bucle Forest,9990,https://www.divan.ru/product/puf-rint-bucle-forest
Пуф Ринт Bucle Pink,9990,https://www.divan.ru/product/puf-rint-bucle-pink
Пуф Ринт Bucle Beige,9990,https://www.divan.ru/product/puf-rint-bucle-beige
Пуф Ринт Bucle Blue,9990,https://www.divan.ru/product/puf-rint-bucle-blue
Пуф Ринт Bucle White,9990,https://www.divan.ru/product/puf-rint-bucle-white
Пуф Ринт Bucle Yellow,9990,https://www.divan.ru/product/puf-rint-bucle-yellow
Пуф Ринт Cozy Milk,9990,https://www.divan.ru/product/puf-rint-cozy-milk
Пуф Лесли Velvet Grey,7990,https://www.divan.ru/product/puf-lesli-velvet-grey
Пуф Лесли Velvet Yellow,7990,https://www.divan.ru/product/puf-lesli-velvet-yellow
Пуф Лесли Velvet Mint,7990,https://www.divan.ru/product/puf-lesli-velvet-mint
Пуф Лесли Velvet Sand,7990,https://www.divan.ru/product/puf-lesli-velvet-sand
Пуф Лесли Velvet Violet,7990,https://www.divan.ru/product/puf-lesli-velvet-violet
Пуф Лесли Velvet Red,7990,https://www.divan.ru/product/puf-lesli-velvet-red
Пуф Лесли Velvet Navy Blue,7990,https://www.divan.ru/product/puf-lesli-velvet-navy-blue
Пуф Бане Cozy Beige,7990,https://www.divan.ru/product/puf-bane-cozy-beige
Пуф Бане Cozy Ginger,8990,https://www.divan.ru/product/puf-bane-cozy-ginger
Пуф Бане Cozy Latte,8990,https://www.divan.ru/product/puf-bane-cozy-latte
Пуф Бане Cozy Dove,8990,https://www.divan.ru/product/puf-bane-cozy-dove
Пуф Бане Cozy Ivory,8990,https://www.divan.ru/product/puf-bane-cozy-ivory
Пуф Бане Cozy Storm,8990,https://www.divan.ru/product/puf-bane-cozy-storm
Пуф Бане Cozy Emerald,8990,https://www.divan.ru/product/puf-bane-cozy-emerald
Пуф Кропс Bucle Silver,7990,https://www.divan.ru/product/puf-krops-bucle-silver
Пуф Кропс Bucle Grafit,7990,https://www.divan.ru/product/puf-krops-bucle-grafit
Пуф Кропс Bucle Pink,7990,https://www.divan.ru/product/puf-krops-bucle-pink
Пуф Кропс Bucle Smoky,7990,https://www.divan.ru/product/puf-krops-bucle-smoky
Пуф Кропс Bucle Marble,7990,https://www.divan.ru/product/puf-krops-bucle-marble
Пуф Кропс Bucle Lilac,7990,https://www.divan.ru/product/puf-krops-bucle-lilac
Пуф Кропс Bucle Shadow,7990,https://www.divan.ru/product/puf-krops-bucle-shadow
Пуф Куб Cozy Ivory,4990,https://www.divan.ru/product/puf-kub-cozy-ivory
Пуф Куб Velvet Ocean,3490,https://www.divan.ru/product/puf-kub-velvet-ocean
Пуф Куб Velvet Yellow,3490,https://www.divan.ru/product/puf-kub-velvet-yellow
Пуф Куб Velvet Emerald,3490,https://www.divan.ru/product/puf-kub-velvet-emerald
Пуф Куб Velvet Crimson,3490,https://www.divan.ru/product/puf-kub-velvet-crimson
Пуф Куб Velvet Beige,3490,https://www.divan.ru/product/puf-kub-velvet-beige
Пуф Куб Velvet Coral,3490,https://www.divan.ru/product/puf-kub-velvet-coral
Пуф Кофи-2 Galaxy Birds,5990,https://www.divan.ru/product/puf-kofi-2-galaxy-birds
Пуф Кофи-2 Bucle Galaxy,6990,https://www.divan.ru/product/puf-kofi-2-bucle-galaxy
Пуф Кофи-2 Cozy Ivory,6990,https://www.divan.ru/product/puf-kofi-2-cozy-ivory
Пуф Кофи-2 Vertikal Grafit,4490,https://www.divan.ru/product/puf-kofi-2-vertikal-grafit
Пуф Кофи-2 Vertikal Light,4490,https://www.divan.ru/product/puf-kofi-2-vertikal-light
Пуф Кофи-2 Vertikal Terra,4490,https://www.divan.ru/product/puf-kofi-2-vertikal-terra
Пуф Кофи-2 Vertikal Beige,4490,https://www.divan.ru/product/puf-kofi-2-vertikal-beige
Топпер для дивана Оквилл S Velvet Ocean,4490,https://www.divan.ru/product/topper-dlya-divana-okvill-s-velvet-ocean
Топпер для дивана Оквилл S Velvet Corall,4490,https://www.divan.ru/product/topper-dlya-divana-okvill-s-velvet-corall
Топпер для дивана Оквилл S Velvet Grey,4490,https://www.divan.ru/product/topper-dlya-divana-okvill-s-velvet-grey
Топпер для дивана Оквилл S Velvet Yellow,4490,https://www.divan.ru/product/topper-dlya-divana-okvill-s-velvet-yellow
Топпер для дивана Оквилл S Velvet Olive,4490,https://www.divan.ru/product/topper-dlya-divana-okvill-s-velvet-olive
Топпер для дивана Оквилл S Velvet Pink,4490,https://www.divan.ru/product/topper-dlya-divana-okvill-s-velvet-pink
Топпер для дивана Оквилл S Barhat Sky,4990,https://www.divan.ru/product/topper-dlya-divana-okvill-s-barhat-sky
Топпер для дивана Оквилл S Barhat Provance,6290,https://www.divan.ru/product/topper-dlya-divana-okvill-s-barhat-provance
Топпер для дивана Оквилл S Barhat Pearl,6490,https://www.divan.ru/product/topper-dlya-divana-okvill-s-barhat-pearl
Топпер для дивана Оквилл S Barhat Mint,6290,https://www.divan.ru/product/topper-dlya-divana-okvill-s-barhat-mint
Топпер для дивана Оквилл S Barhat Yellow,6290,https://www.divan.ru/product/topper-dlya-divana-okvill-s-barhat-yellow
Топпер для дивана Сони Happy Emerald,4490,https://www.divan.ru/product/topper-dlya-divana-soni-happy-emerald
Топпер для дивана Сони Happy Grey,4490,https://www.divan.ru/product/topper-dlya-divana-soni-happy-grey
Топпер для дивана Сони Happy Latte,4490,https://www.divan.ru/product/topper-dlya-divana-soni-happy-latte
Топпер для дивана Сони Happy Yellow,4490,https://www.divan.ru/product/topper-dlya-divana-soni-happy-yellow
Топпер для дивана Сони Happy Ocean,4490,https://www.divan.ru/product/topper-dlya-divana-soni-happy-ocean
Топпер для дивана Сони Happy Mint,4490,https://www.divan.ru/product/topper-dlya-divana-soni-happy-mint
Топпер для дивана Сони Velvet Ocean,4490,https://www.divan.ru/product/topper-dlya-divana-soni-velvet-ocean
Топпер для дивана Сони Velvet Coral,4490,https://www.divan.ru/product/topper-dlya-divana-soni-velvet-coral
Топпер для дивана Сони Velvet Emerald,4490,https://www.divan.ru/product/topper-dlya-divana-soni-velvet-emerald
Топпер для дивана Сони Velvet Grey,4490,https://www.divan.ru/product/topper-dlya-divana-soni-velvet-grey
Топпер для дивана Сони Velvet Yellow,4490,https://www.divan.ru/product/topper-dlya-divana-soni-velvet-yellow
Топпер для дивана Сони Velvet Beige,4490,https://www.divan.ru/product/topper-dlya-divana-soni-velvet-beige
Топпер для дивана Сони-1 Happy Mint-Light,7990,https://www.divan.ru/product/topper-dlya-divana-soni-1-happy-mint-light
Топпер для дивана Сони-1 Happy Yellow-Emerald,7990,https://www.divan.ru/product/topper-dlya-divana-soni-1-happy-yellow-emerald
Топпер для дивана Сони-1 Happy Light-Emerald,7990,https://www.divan.ru/product/topper-dlya-divana-soni-1-happy-light-emerald
Топпер для дивана Сони-1 Happy Grey-Yellow,7990,https://www.divan.ru/product/topper-dlya-divana-soni-1-happy-grey-yellow
Топпер для дивана Сони-1 Velvet Beige-Coral,7190,https://www.divan.ru/product/topper-dlya-divana-soni-1-velvet-beige-coral
Топпер для дивана Сони-1 Velvet Yellow-Emerald,7190,https://www.divan.ru/product/topper-dlya-divana-soni-1-velvet-yellow-emerald
Топпер для дивана Сони-1 Velvet Yellow-Grey,7190,https://www.divan.ru/product/topper-dlya-divana-soni-1-velvet-yellow-grey
Топпер для дивана Сони-1 Velvet Beige-Grey,7190,https://www.divan.ru/product/topper-dlya-divana-soni-1-velvet-beige-grey
Топпер для дивана Сони-1 Velvet Ocean-Grey,7190,https://www.divan.ru/product/topper-dlya-divana-soni-1-velvet-ocean-grey
Топпер для дивана Сони 1-XL Bathat Yellow-Emerald,6990,https://www.divan.ru/product/topper-dlya-divana-soni-1-xl-bathat-yellow-emerald
Топпер для дивана Сони 1-XL Bathat Beige-Grey,6990,https://www.divan.ru/product/topper-dlya-divana-soni-1-xl-bathat-beige-grey
Топпер для дивана Сони 1-XL Bathat Ocean-Grey,6990,https://www.divan.ru/product/topper-dlya-divana-soni-1-xl-bathat-ocean-grey
Топпер для дивана Сони 1-XL Bathat Beige-Coral,6990,https://www.divan.ru/product/topper-dlya-divana-soni-1-xl-bathat-beige-coral
Топпер для дивана Сони 1-XL Bathat Yellow-Grey,6990,https://www.divan.ru/product/topper-dlya-divana-soni-1-xl-bathat-yellow-grey
Топпер для дивана Сони 1-XL Happy Mint-Light,7990,https://www.divan.ru/product/topper-dlya-divana-soni-1-xl-happy-mint-light
Топпер для дивана Сони 1-XL Happy Grey-Yellow,7990,https://www.divan.ru/product/topper-dlya-divana-soni-1-xl-happy-grey-yellow
Топпер для дивана Сони XL Barhat Coral,3990,https://www.divan.ru/product/topper-dlya-divana-soni-xl-barhat-coral
Топпер для дивана Сони XL Barhat Emerald,3990,https://www.divan.ru/product/topper-dlya-divana-soni-xl-barhat-emerald
Топпер для дивана Сони XL Barhat Grey,3990,https://www.divan.ru/product/topper-dlya-divana-soni-xl-barhat-grey
Топпер для дивана Сони XL Barhat Yellow,3990,https://www.divan.ru/product/topper-dlya-divana-soni-xl-barhat-yellow
Топпер для дивана Сони XL Happy Grey,4190,https://www.divan.ru/product/topper-dlya-divana-soni-xl-happy-grey
Топпер для дивана Сони XL Happy Ocean,4190,https://www.divan.ru/product/topper-dlya-divana-soni-xl-happy-ocean
Топпер для дивана Сони XL Happy Mint,4190,https://www.divan.ru/product/topper-dlya-divana-soni-xl-happy-mint
Топпер для дивана Сони XL Happy Emerald,4190,https://www.divan.ru/product/topper-dlya-divana-soni-xl-happy-emerald
Топпер для дивана Сони XL Barhat Ocean,3990,https://www.divan.ru/product/topper-dlya-divana-soni-xl-barhat-ocean
Топпер для дивана Сони XL Barhat Beige,3990,https://www.divan.ru/product/topper-dlya-divana-soni-xl-barhat-beige
Покрывало Самуэль-Сappuccino 160x220,7990,https://www.divan.ru/product/pokryvalo-samuel-sappuccino-160x220
Комплект плед и чехол на подушку Бэй Beige 150x200,3880,https://www.divan.ru/product/komplekt-pled-i-chehol-na-podushku-bej-beige-150x200
Плед Brera Home Textile Blue 120x170,7490,https://www.divan.ru/product/pled-brera-home-textile-blue-120x170
Плед Тут Рядом Тепло Сине-бежевый 140x200,11990,https://www.divan.ru/product/pled-tut-ryadom-teplo-sine-bejevyj-140x200
Покрывало Биаско-Beige 230x250,11490,https://www.divan.ru/product/pokryvalo-biasko-beige-230x250
Плед Франко Бежевый 120х170,2990,https://www.divan.ru/product/pled-franko-bejevyj-120x170
Покрывало Барроу Cotton White,8990,https://www.divan.ru/product/pokryvalo-barrou-cotton-white
Плед Monti Home Textile Grey 120x170,7490,https://www.divan.ru/product/pled-monti-home-textile-grey-120x170
Покрывало Эвери-Stone 240x260,14990,https://www.divan.ru/product/pokryvalo-everi-stone-240x260
Плед Линли Oldrose,4590,https://www.divan.ru/product/pled-linli-oldrose
Комплект плед и чехол на подушку Бэй White 150x200,3380,https://www.divan.ru/product/komplekt-pled-i-chehol-na-podushku-bej-white-150x200
Покрывало Эвери-Grey 240x260,14990,https://www.divan.ru/product/pokryvalo-everi-grey-240x260
Покрывало Барроу Cotton Olive,8990,https://www.divan.ru/product/pokryvalo-barrou-cotton-olive
Покрывало Барроу Cotton Milk,8990,https://www.divan.ru/product/pokryvalo-barrou-cotton-milk
Плед Рифф Red 130x170,3590,https://www.divan.ru/product/pled-riff-red-130x170
Плед Рифф Pink 130x170,3590,https://www.divan.ru/product/pled-riff-pink-130x170
Покрывало Самуэль-Lilac 160x220,7990,https://www.divan.ru/product/pokryvalo-samuel-lilac-160x220
Плед Каллин Blue 140x200,6490,https://www.divan.ru/product/pled-kallin-blue-140x200
Покрывало Лаурен-Marsala 240x260,14990,https://www.divan.ru/product/pokryvalo-lauren-marsala-240x260
Плед Линли Ivory,4590,https://www.divan.ru/product/pled-linli-ivory
Плед Тини Oceania World 80x110,2990,https://www.divan.ru/product/pled-tini-oceania-world-80x110
Плед Бэй-Beige 150x100,2990,https://www.divan.ru/product/pled-bej-beige-150x100
Покрывало Самуэль-Grafit 160x220,7990,https://www.divan.ru/product/pokryvalo-samuel-grafit-160x220
Плед Тут Рядом Тепло Оранжевый 140x200,11990,https://www.divan.ru/product/pled-tut-ryadom-teplo-oranjevyj-140x200
Покрывало Эвери-Oliva 240x260,14990,https://www.divan.ru/product/pokryvalo-everi-oliva-240x260
Плед Рифф Mint 130x170,3590,https://www.divan.ru/product/pled-riff-mint-130x170
Плед Рифф Blue 130x170,3590,https://www.divan.ru/product/pled-riff-blue-130x170
Плед Рифф Beige 130x170,3590,https://www.divan.ru/product/pled-riff-beige-130x170
Покрывало Лаурен-Mint 240x260,14990,https://www.divan.ru/product/pokryvalo-lauren-mint-240x260
Плед Тут Рядом Тепло Розовый 140x200,9990,https://www.divan.ru/product/pled-tut-ryadom-teplo-rozovyj-140x200
Покрывало Самуэль-Milk 160x220,7990,https://www.divan.ru/product/pokryvalo-samuel-milk-160x220
Покрывало Кайли-Coffee 240x260,14990,https://www.divan.ru/product/pokryvalo-kajli-coffee-240x260
Плед Тут Рядом Тепло Зеленый 140x200,9990,https://www.divan.ru/product/pled-tut-ryadom-teplo-zelenyj-140x200
Плед Brera Home Textile Green 120x170,7490,https://www.divan.ru/product/pled-brera-home-textile-green-120x170
Покрывало Самуэль-Beige 160x220,7990,https://www.divan.ru/product/pokryvalo-samuel-beige-160x220
Покрывало Лиму-Green 240x260,13990,https://www.divan.ru/product/pokryvalo-limu-green-240x260
Плед Линли Beach,4590,https://www.divan.ru/product/pled-linli-beach
Плед Тут Рядом Хорошо Синий 140x200,6990,https://www.divan.ru/product/pled-tut-ryadom-horosho-sinij-140x200
Плед Линли Grey,4590,https://www.divan.ru/product/pled-linli-grey
Плед Рифф Green 130x170,3590,https://www.divan.ru/product/pled-riff-green-130x170
Плед Бэй-Grey 150x100,1490,https://www.divan.ru/product/pled-bej-grey-150x100
Плед Тут Рядом Хорошо Бежевый 140x200,5990,https://www.divan.ru/product/pled-tut-ryadom-horosho-bejevyj-140x200
Плед Тут Рядом Хорошо Оранжевый 140x200,5490,https://www.divan.ru/product/pled-tut-ryadom-horosho-oranjevyj-140x200
Комплект плед и чехол на подушку Бэй Grey 150x200,3380,https://www.divan.ru/product/komplekt-pled-i-chehol-na-podushku-bej-grey-150x200
Плед Бэй-White 150x200,2490,https://www.divan.ru/product/pled-bej-white-150x200
Плед Lotus Home Textile Blue 120x170,7490,https://www.divan.ru/product/pled-lotus-blue-120x170
Покрывало Барроу Cotton Beige,8990,https://www.divan.ru/product/pokryvalo-barrou-cotton-beige
Покрывало Лаурен-Latte 240x260,14990,https://www.divan.ru/product/pokryvalo-lauren-latte-240x260
Подушка Nous Yellow,1190,https://www.divan.ru/product/podushka-nous-yellow
Комплект плед и чехол на подушку Бэй Grey 150x100,2380,https://www.divan.ru/product/komplekt-pled-i-chehol-na-podushku-bej-grey-150x100
Подушка Север Чайки,1990,https://www.divan.ru/product/podushka-sever-chajki
Подушка Винси Cozy Milk,2990,https://www.divan.ru/product/podushka-vinsi-cozy-milk
Подушка Деко Velvet Terra,990,https://www.divan.ru/product/podushka-deko-velvet-terra
Подушка Лунни Bucle Yellow,1790,https://www.divan.ru/product/podushka-lunni-bucle-yellow
Подушка Тут Рядом Город Серо-графитовая,2890,https://www.divan.ru/product/podushka-tut-ryadom-gorod-sero-grafitovaya
Подушка Nous Grey,1190,https://www.divan.ru/product/podushka-nous-grey
Подушка Милки Velvet Sky,1890,https://www.divan.ru/product/podushka-milki-velvet-sky
Подушка Винси Cozy Ginger,2290,https://www.divan.ru/product/podushka-vinsi-cozy-ginger
Подушка Саона Soft Light,1190,https://www.divan.ru/product/podushka-saona-soft-light
Подушка Тут Рядом Четверг Оранжевая,2490,https://www.divan.ru/product/podushka-tut-ryadom-chetverg-oranjevaya
Подушка Канти Cozy Grey,2290,https://www.divan.ru/product/podushka-kanti-cozy-grey
Подушка Канти Cozy Emerald,2290,https://www.divan.ru/product/podushka-kanti-cozy-emerald
Подушка Тут Рядом Моти Зеленая,3990,https://www.divan.ru/product/podushka-tut-ryadom-moti-zelenaya
Подушка Деко Velvet Light,890,https://www.divan.ru/product/podushka-deko-velvet-light
Подушка Арлон Barhat Ginger,1490,https://www.divan.ru/product/podushka-arlon-barhat-ginger
Подушка Тут Рядом Моти Голубая,3990,https://www.divan.ru/product/podushka-tut-ryadom-moti-golubaya
Подушка Лисси Velvet Yellow,2290,https://www.divan.ru/product/podushka-lissi-velvet-yellow
Подушка Винси Cozy Emerald,2290,https://www.divan.ru/product/podushka-vinsi-cozy-emerald
Комплект плед и чехол на подушку Бэй White 150x200,3380,https://www.divan.ru/product/komplekt-pled-i-chehol-na-podushku-bej-white-150x200
Подушка Лунни Bucle White,1790,https://www.divan.ru/product/podushka-lunni-bucle-white
Подушка Меланж Brown,1190,https://www.divan.ru/product/podushka-melanj-brown
Подушка Фрут 45x45 Beige,1590,https://www.divan.ru/product/podushka-frut-45x45-beige
Подушка-валик Ситено Barhat Night,1490,https://www.divan.ru/product/podushka-valik-siteno-barhat-night
Подушка Лаунд Mint,1990,https://www.divan.ru/product/podushka-laund-mint
Подушка Линкс Barhat Blue,1590,https://www.divan.ru/product/podushka-links-barhat-blue
Декоративный чехол Фанки Dark Blue 45x45,1990,https://www.divan.ru/product/dekorativnyj-chehol-fanki-dark-blue-45x45
Подушка Винси Velvet Yellow,1790,https://www.divan.ru/product/podushka-vinsi-velvet-yellow
Подушка Лайвли Barhat Сoral,1590,https://www.divan.ru/product/podushka-lajvli-barhat-coral
Подушка Лион Barhat Mint,1390,https://www.divan.ru/product/podushka-lion-barhat-mint
Подушка Арлон Sherlock Beige,1690,https://www.divan.ru/product/podushka-arlon-sherlock-beige
Подушка Тут Рядом Четверг Серо-графитовая,2990,https://www.divan.ru/product/podushka-tut-ryadom-chetverg-sero-grafitovaya
Подушка Тут Рядом Четверг Желтая,2490,https://www.divan.ru/product/podushka-tut-ryadom-chetverg-jeltaya
Подушка Варшава Vertical Grafit,2190,https://www.divan.ru/product/podushka-varshava-vertical-grafit
Подушка Лисси Velvet Sky,2290,https://www.divan.ru/product/podushka-lissi-velvet-sky
Подушка Мона Barhat Rose,1890,https://www.divan.ru/product/podushka-mona-barhat-rose
Подушка Онтарио Bamboo,2190,https://www.divan.ru/product/podushka-ontario-bamboo
Подушка Тут Рядом Красавчик Оранжевая,3990,https://www.divan.ru/product/podushka-tut-ryadom-krasavchik-oranjevaya
Подушка Молс Barhat Olive,1490,https://www.divan.ru/product/podushka-mols-barhat-olive
Подушка Veritage,1290,https://www.divan.ru/product/podushka-veritage
Подушка Линкс Barhat Stone,1590,https://www.divan.ru/product/podushka-links-barhat-stone
Подушка Лион Barhat Olive,1390,https://www.divan.ru/product/podushka-lion-barhat-olive
Подушка Варшава Vertical Milk,2490,https://www.divan.ru/product/podushka-varshava-vertical-milk
Подушка Тут Рядом Город Лиловая,2290,https://www.divan.ru/product/podushka-tut-ryadom-gorod-lilovaya
Подушка Тут Рядом Четверг Белая,2990,https://www.divan.ru/product/podushka-tut-ryadom-chetverg-belaya
Подушка Арлон Barhat Beige,1690,https://www.divan.ru/product/podushka-arlon-barhat-beige
Подушка Тут Рядом Дом Белая,4890,https://www.divan.ru/product/podushka-tut-ryadom-dom-belaya
Модульный диван Сэндж 2 Textile Yellow,58970,https://www.divan.ru/product/modulnyj-divan-sendj-2-textile-yellow
Модульный диван Риббл-3 Bucle Forest,147970,https://www.divan.ru/product/modulnyj-divan-ribbl-3-bucle-forest
Модульный диван Brera-3 Velour Night,109970,https://www.divan.ru/product/modulnyj-divan-brera-3-velour-night
Модульный диван Этен 4 Vertical Mix,195920,https://www.divan.ru/product/modulnyj-divan-eten-4-vertical-mix
Модульный диван Brera-8 Velour Olive,122970,https://www.divan.ru/product/modulnyj-divan-brera-8-velour-olive
Модульный диван Brera-2 Velour Mix,103980,https://www.divan.ru/product/modulnyj-divan-brera-2-velour-mix
Модульный диван Brera-6 Velour Caramel,173960,https://www.divan.ru/product/modulnyj-divan-brera-6-velour-caramel
Модульный диван Этен 2 Vertical Jeance,142940,https://www.divan.ru/product/modulnyj-divan-eten-2-vertical-jeance
Модульный диван Brera-6 Velour Beige,173960,https://www.divan.ru/product/modulnyj-divan-brera-6-velour-beige
Модульный диван Полан-1 Velvet Terra,70970,https://www.divan.ru/product/modulnyj-divan-polan-1-velvet-terra
Модульный диван Этен 1 Vertical Milk,110950,https://www.divan.ru/product/modulnyj-divan-eten-1-vertical-milk
Модульный диван Brera-5 Velour Galaxy,114980,https://www.divan.ru/product/modulnyj-divan-brera-5-velour-galaxy
Модульный диван Этен Vertical Jeans,78960,https://www.divan.ru/product/modulnyj-divan-eten-vertical-jeance
Модульный диван Этен 1 Vertical Pink,110950,https://www.divan.ru/product/modulnyj-divan-eten-1-vertical-pink
Модульный диван Brera-4 Velour Plum,159970,https://www.divan.ru/product/modulnyj-divan-brera-4-velour-plum
Модульный диван Этен 3 Vertical Jeans,135940,https://www.divan.ru/product/modulnyj-divan-eten-3-vertical-jeans
Модульный диван Этен 4 Vertical Milk,195920,https://www.divan.ru/product/modulnyj-divan-eten-4-vertical-milk
Модульный диван Brera-3 Velour Cinnamon,109970,https://www.divan.ru/product/modulnyj-divan-brera-3-velour-cinnamon
Модульный диван Этен 3 Vertical Mix,135940,https://www.divan.ru/product/modulnyj-divan-eten-3-vertical-mix-old-07-12-2023
Модульный диван Полан-2 Velvet Caramel,89960,https://www.divan.ru/product/modulnyj-divan-polan-2-velvet-caramel
Модульный диван Полан-1 Velvet Caramel,70970,https://www.divan.ru/product/modulnyj-divan-polan-1-velvet-caramel
Модульный диван Этен 2 Vertical Milk,142940,https://www.divan.ru/product/modulnyj-divan-eten-2-vertical-milk
Модульный диван Полан-3 Velvet Caramel,71960,https://www.divan.ru/product/modulnyj-divan-polan-3-velvet-caramel
Модульный диван Brera-2 Velour Lilac,103980,https://www.divan.ru/product/modulnyj-divan-brera-2-velour-lilac
Модульный диван Полан-4 Velvet Caramel,97960,https://www.divan.ru/product/modulnyj-divan-polan-4-velvet-caramel
Модульный диван Этен 3 Vertical Milk,135940,https://www.divan.ru/product/modulnyj-divan-eten-3-vertical-milk
Модульный диван Риббл-1 Bucle Silver,73980,https://www.divan.ru/product/modulnyj-divan-ribbl-1-bucle-silver
Модульный диван Полан-2 Velvet Smoke,89960,https://www.divan.ru/product/modulnyj-divan-polan-2-velvet-smoke
Модульный диван Полан-5 Velvet Caramel,124950,https://www.divan.ru/product/modulnyj-divan-polan-5-velvet-caramel
Модульный диван Brera-1 Velour Caramel,200950,https://www.divan.ru/product/modulnyj-divan-brera-1-velour-caramel
Модульный диван Риббл-2 Bucle Silver,122980,https://www.divan.ru/product/modulnyj-divan-ribbl-2-bucle-silver
Модульный диван Этен 1 Vertical Mix,110950,https://www.divan.ru/product/modulnyj-divan-eten-1-vertical-mix
Модульный диван Риббл-3 Bucle Silver,147970,https://www.divan.ru/product/modulnyj-divan-ribbl-3-bucle-silver
Модульный диван Риббл-4 Bucle Silver,146970,https://www.divan.ru/product/modulnyj-divan-ribbl-4-bucle-silver
Модульный диван Brera-2 Velour Cherry,103980,https://www.divan.ru/product/modulnyj-divan-brera-2-velour-cherry
Модульный диван Этен Vertical Milk,78960,https://www.divan.ru/product/modulnyj-divan-eten-vertical-milk
Модульный диван Полан-1 Velvet Ocean,70970,https://www.divan.ru/product/modulnyj-divan-polan-1-velvet-ocean
Модульный диван Полан-2 Cozy Ivory,101960,https://www.divan.ru/product/modulnyj-divan-polan-2-cozy-ivory
Модульный диван Полан-2 Velvet Ocean,89960,https://www.divan.ru/product/modulnyj-divan-polan-2-velvet-ocean
Модульный диван Полан-4 Velvet Ocean,97960,https://www.divan.ru/product/modulnyj-divan-polan-4-velvet-ocean
Модульный диван Brera-3 Velour Lilac,109970,https://www.divan.ru/product/modulnyj-divan-brera-3-velour-lilac
Модульный диван Полан-3 Velvet Ocean,71960,https://www.divan.ru/product/modulnyj-divan-polan-3-velvet-ocean
Модульный диван Полан-2 Velvet Mint,89960,https://www.divan.ru/product/modulnyj-divan-polan-2-velvet-mint
Модульный диван Полан-5 Velvet Ocean,124950,https://www.divan.ru/product/modulnyj-divan-polan-5-velvet-ocean
Модульный диван Brera-5 Velour Stone,114980,https://www.divan.ru/product/modulnyj-divan-brera-5-velour-stone
Модульный диван Brera-3 Velour Mix,109970,https://www.divan.ru/product/modulnyj-divan-brera-3-velour-mix
Модульный диван Brera-8 Velour Stone,122970,https://www.divan.ru/product/modulnyj-divan-brera-8-velour-stone
Модульный диван Полан-5 Velvet Light,124950,https://www.divan.ru/product/modulnyj-divan-polan-5-velvet-light
Диван Льери Мини Velvet Light,56990,https://www.divan.ru/product/divan-leri-mini-velvet-light
Диван Нумо Velvet Yellow,35990,https://www.divan.ru/product/divan-numo-velvet-yellow
Диван Тут Рядом Дом Серо-графитовый,72990,https://www.divan.ru/product/divan-tut-ryadom-dom-sero-grafitovyj
Диван Бруквиль Velvet Blue,46990,https://www.divan.ru/product/divan-brukvil-velvet-blue
Диван Тут Рядом Космос Светло-Бежевый,109990,https://www.divan.ru/product/divan-tut-ryadom-kosmos-svetlo-bejevyj
Диван Линс Velvet Navy Blue,29990,https://www.divan.ru/product/divan-lins-velvet-navy-blue
Диван Нумо Мини Textile Yellow,22990,https://www.divan.ru/product/divan-numo-mini-textile-yellow
Диван Байма Velvet Grey,69990,https://www.divan.ru/product/divan-bajma-velvet-grey
Диван Нумо Velvet Grafit,35990,https://www.divan.ru/product/divan-numo-velvet-grafit
Диван Роттердам Velvet Yellow,23990,https://www.divan.ru/product/divan-rotterdam-velvet-yellow
Диван Сваут Velvet Grey,64990,https://www.divan.ru/product/divan-svaut-velvet-grey
Диван Линс Velvet Grafit,29990,https://www.divan.ru/product/divan-lins-velvet-grafit
Диван Рейли Velvet Coral,30990,https://www.divan.ru/product/divan-rejli-velvet-coral
Диван Коренс Happy Grey,29990,https://www.divan.ru/product/divan-korens-happy-grey
Диван Види Textile Ocean,22990,https://www.divan.ru/product/divan-vidi-textile-ocean
Диван Тут Рядом Дом Сине-бежевый,72990,https://www.divan.ru/product/divan-tut-ryadom-dom-sine-bejevyj
Диван Сваут Velvet Mustard,64990,https://www.divan.ru/product/divan-svaut-velvet-mustard
Диван Нумо Мини Textile Light,22990,https://www.divan.ru/product/divan-numo-mini-textile-light
Диван Рейли Velvet Mint,30990,https://www.divan.ru/product/divan-rejli-velvet-mint
Диван Бонс-Т Happy Yellow,39990,https://www.divan.ru/product/divan-bons-t-happy-yellow
Диван Риббл-2 Bucle Lilac,65990,https://www.divan.ru/product/divan-ribbl-2-bucle-lilac
Диван Лонди Mima Pink,84990,https://www.divan.ru/product/divan-londi-mima-pink
Диван Байма Velvet Beige,69990,https://www.divan.ru/product/divan-bajma-velvet-beige
Диван Тут Рядом Дом Розовый,72990,https://www.divan.ru/product/divan-tut-ryadom-dom-rozovyj
Диван Самми Velvet Grey,27990,https://www.divan.ru/product/divan-sammi-velvet-grey
Диван Тут Рядом Космос Серый,109990,https://www.divan.ru/product/divan-tut-ryadom-kosmos-seryj
Диван Массе Velvet Light,59990,https://www.divan.ru/product/divan-masse-velvet-light
Диван Роттердам Velvet Green,23990,https://www.divan.ru/product/divan-rotterdam-velvet-green
Диван Арклоу Cozy Ivory,46990,https://www.divan.ru/product/divan-arklou-cozy-ivory
Диван Тут Рядом Космос Графитовый,109990,https://www.divan.ru/product/divan-tut-ryadom-kosmos-grafitovyj
Диван Рон Textile Beige,52990,https://www.divan.ru/product/divan-ron-textile-beige
Диван Марей Soft Olive,89990,https://www.divan.ru/product/divan-marej-soft-olive
Диван Лофт Linia Ginger,39990,https://www.divan.ru/product/divan-loft-linia-ginger
Диван Ольен Мини Velvet Emerald,52990,https://www.divan.ru/product/divan-olen-mini-velvet-emerald
Диван Риард-3 Land Marsala,46990,https://www.divan.ru/product/divan-riard-3-land-marsala
Диван Лонди Bucle Galaxy,50990,https://www.divan.ru/product/divan-londi-bucle-galaxy
Диван Динс Мини Velvet Silver,46990,https://www.divan.ru/product/divan-dins-mini-velvet-silver
Диван Рон Textile Grey,52990,https://www.divan.ru/product/divan-ron-textile-grey
Диван Ольен Мини Velvet Silver,52990,https://www.divan.ru/product/divan-olen-mini-velvet-silver
Диван Марей Soft Navy Blue,89990,https://www.divan.ru/product/divan-marej-soft-navy-blue
Диван Риард-3 Land Sky,46990,https://www.divan.ru/product/divan-riard-3-land-sky
Диван Шилдс Bucle Marble,72990,https://www.divan.ru/product/divan-shilds-bucle-marble
Диван Ольен Мини Velvet Sand,52990,https://www.divan.ru/product/divan-olen-mini-velvet-sand
Диван Лачи Velvet Yellow,26990,https://www.divan.ru/product/divan-lachi-velvet-yellow
Диван Лесли Velvet Sand,46990,https://www.divan.ru/product/divan-lesli-velvet-sand
Диван Марей Soft Grey,89990,https://www.divan.ru/product/divan-marej-soft-grey
Диван Лачи Velvet Pink,26990,https://www.divan.ru/product/divan-lachi-velvet-pink
Диван Риард-3 Land Black,46990,https://www.divan.ru/product/divan-riard-3-land-black
